to_keep	game	platforms	editor	developer	gender	Source explication	Source nom	Source lien	Autre source	Autre source	type	Multijoueur	Date de sortie
1	13 Sentinels: Aegis RIM	Vita, PS4	Atlus	Vanillaware	Multi (choix)	Parmi les 13 Sentinelles jouables, certaines sont masculines et d'autres féminines.	Site officiel d'Atlus	https://atlus.com/13sentinels/	http://www.jeuxvideo.com/videos/983674/13-sentinels-aegis-rim-un-trailer-pour-le-prologue-en-approche.htm	https://twinfinite.net/2019/03/vanillawares-13-sentinels-aegis-rim-for-ps4-gets-new-clips-showing-characters-in-motion/	aventure / narratif	no	2019
0 (DLC/update)	2064: Read Only Memories	PS4, Xbox One, PC	MidBoss LLC	MidBoss LLC									
1	A Duel Hand Disaster: Trackher	PS4, Xbox One, PC	Ask An Enemy Studios	Ask An Enemy Studios	N/a	Le joueur contrôle de petits vaisseaux.	A Duel Hand Disaster: Trackher - Playstation Announcement | PS4 (Youtube)	https://www.youtube.com/watch?v=RJfUGZTvaF8	https://www.youtube.com/watch?v=yWHsmL3THzI	https://www.youtube.com/watch?v=YTll0Swb1Ig	action / Shoot'em Up	no	29/08/2017
0 (2016)	Absolver	Xbox One, PS4, PC	Devolver Digital	Slocalap	Multi (choix + personnalisation)	Le joueur peut choisir le genre de l'Aspirant qu'il incarne.	Absolver - Character Customization (Youtube)	https://www.youtube.com/watch?v=V-t-NVdIZ4w	https://www.youtube.com/watch?v=6H0QrUVVkLc	https://store.steampowered.com/app/473690/Absolver/?l=french	action / rpg / combat / exploration / Monde ouvert / Aventure / MMORPG / Stratégie	yes	29/08/2017
0 (offsite)	Aegis Defenders *	PC											
0 (offsite)	Aerea *	PS4, Xbox One, PC											
0 (offsite)	Aftercharge *	Xbox One, PC											
0 (2016)	Agents of Mayhem	PS4, Xbox One, PC	Deep Silver Volition	Deep Silver Volition	Multi (choix)	Des agents masculins et féminins sont disponibles.	Xbox mag	http://xbox-mag.net/2017/05/09/agents-of-mayhem-devoile-ses-personnages-en-video/	https://jeu.video/action-aventure/agents-of-mayhem/debloquer-agents-vehicules	http://www.deepsilver.com/fr/games/agents-of-mayhem/	action / monde ouvert / comédie / troisième personne / humour / tir / aventure / science-fiction 	yes	15/08/2017
0 (offsite)	A Hat in Time *	PC											
0 (offsite)	Anamorphine *	PC											
1	A Plague Tale: Innocence	Xbox One, PS4, PC	Focus Home Interactive	Asobo Studio	F	"Coming to PC, PlayStation 4, and Xbox One in 2019, “A Plague Tale: Innocence” is an action-adventure game set in 14th century France, a dark time for protagonists Amicia and her little brother Hugo. They lost their parents to the ruthless Inquisition, forcing them to survive on their own. To top it off, five-year-old Hugo is suffering from a strange illness, and ravenous rodents are spreading throughout the country, eager to devour anything that’s in their way.  As the teenage Amicia, you can’t fight or destroy them. You either avoid the rats altogether or redirect their hunger elsewhere. "	Variety.com	https://variety.com/2018/gaming/features/a-plague-tale-innocence-interview-1202850698/	https://www.jeuxactu.com/a-plague-tale-innocence-une-nouvelle-video-remplie-de-rats-117103.htm	https://www.jeuxactu.com/a-plague-tale-innocence-voici-le-story-trailer-avec-les-voix-anglaises-117379.htm	Action / aventure / Infiltration	no	14/05/2019
1	A Way Out	PS4, Xbox One, PC	Electronic Arts	Hazelight Studios	M	Dans ce jeu, on incarne deux prisonniers, Leo et Vincent.	Site officiel d'Electronic Arts	https://www.ea.com/fr-fr/games/a-way-out	https://www.gamekult.com/jeux/a-way-out-3050876005/test.html	https://www.microsoft.com/fr-fr/p/a-way-out/bwvbncmf22zk?activetab=pivot:overviewtab	action / aventure	yes	23/03/2018
1	Anthem	PC, Xbox One, PS4	Electronic Arts	BioWare	Multi	"Anthem’s characters are voiced, and you’ll get the choice of a male or female character at the beginning of the game."	PCGamesN	https://www.pcgamesn.com/anthem/anthem-voice-actor	https://www.youtube.com/watch?v=PDQN2ww79Ak	https://www.youtube.com/watch?v=73sBiTAPwSA	Action / rpg	yes	22/02/2019
0 (remake)	Age of Empires Definitive Edition	PC	Xbox Game Studios	Forgotten Empires							Stratégie	yes	19/02/2018
1	Arms †	Switch	Nintendo	Nintendo EPD	Multi (choix + personnalisation)	Quinze combattants sont disponibles, de genre différents. Ils peuvent également être personnalisés.	Nintendo (site officiel)	https://www.nintendo.fr/Jeux/Nintendo-Switch/ARMS-1173200.html	https://www.polygon.com/arms-guide/2017/6/16/15765392/arms-nintendo-switch-best-character	https://www.giantbomb.com/arms/3030-57686/characters/	Combat	yes	16/06/2017
1	Assassin's Creed Origins	PS4, Xbox One, PC	Ubisoft	Ubisoft Montréal	M (principal)	Le personnage principal est masculin, mais d'autres personnages sont jouables à certains moments du jeu.	PC Games	https://www.pcgamesn.com/assassins-creed-origins/assassins-creed-origins-abstergo-characters-multiplayer	https://mcetv.fr/mon-mag-culture/mon-mag-gamers-time/assassins-creed-origins-bayek-1608/	https://motherboard.vice.com/fr/article/8xvkvv/assassins-creed-origins-est-dabord-une-histoire-damour	Histoire / Action / RPG / Exploration / troisième personne / aventure / infiltration / action / monde ouvert	no	27/10/2017
0 (2015)	Ashen (personnalisation)	PC, Xbox One	A44	A44	Multi	Personnalisation très poussée du personnage	ASHEN - Character Creation / Cutstomization - Male and Female (Youtube)	https://www.youtube.com/watch?v=9jhsSBEhe18	https://www.youtube.com/watch?v=9w-UiWs8BjM	https://twitter.com/A44games/status/1046528247335346176	action / rpg / Aventure / troisième personne / monde ouvert	yes	07/12/2018
1	Asura	PC	Ogre Head Studio, Coconut Island Studio	Ogre Head Studio	M	Le joueur incarne un démon d'apparence masculine.	Site officiel du jeu	https://www.asurathegame.com/	http://ogrehead.com/blog/press/sheet.php?p=Asura	https://store.steampowered.com/app/524640/Asura_Vengeance_Expansion/?l=french&cc=uk	Action / Hack 'n' slash / Rogue-like / Mythologie	no	14/04/2017
1	Aven Colony	PS4, Xbox One, PC	Team17	Mothership Entertainment	N/a	Le joueur n'incarne pas de personnage particulier.	Aven Colony	http://avencolony.com/author/paul/	https://www.youtube.com/watch?v=zX6wBxJUWlQ	https://avencolony.gamepedia.com/Aven_Expedition	gestion / stratégie / city-builder	no	25/07/2017
1	Away: Journey to the Unexpected *	Xbox One, PS4, PC, Wii U, Switch	Playdius Entertainment	Aurélien Regard, Jim Gennisson, Aurelien Regard Games	M	Le joueur incarne un petit garçon.	Gameblog	http://www.gameblog.fr/tests/3293-away-journey-to-the-unexpected-pc-switch-xb1-ps4	https://www.nintendo.fr/Jeux/Jeux-a-telecharger-sur-Nintendo-Switch/Away-Journey-to-the-Unexpected-1254675.html	https://www.indiemag.fr/news/away-journey-unexpected-fps-rogue-prepare-sortie-debut-2019	aventure / action / Rogue-like	no	13/02/2019
1	Aztez	PS4, Xbox One, Wii U, PS Vita, PC	Team Colorblind	Team Colorblind	M	Le joueur incarne des guerriers stylisés, genrés au masculin.	Steam	https://store.steampowered.com/app/244750/Aztez/	https://www.indiedb.com/games/aztez/tutorials/constructing-characters-aztez-style	https://aztez.com/	Action / Stratégie / Beat them all / troisième personne	no	01/08/2017
0 (extension)	Battlefield 1: In the Name of the Tsar (Expansion)	PS4, Xbox One, PC											
0 (offsite)	Battle Chef Brigade *	PS4, Switch, Wii U, Xbox One, PC											
1	Battlerite	Xbox One	Stunlock Studios	Stunlock Studios	Multi (choix)	Le joueur peut incarner des personnages féminins ou masculins.	Battlerite: Choose Your Champion (Youtube)	https://www.youtube.com/watch?v=5cJrzCz6tXU	https://battlerite.gamepedia.com/Champions	https://www.breakflip.com/fr/battlerite/guide/battlerite-guides-des-champions-2083	Action / Tir / Combat / Stratégie / Hack 'n' slash / RPG 	yes	07/11/2017
1	Battlesloths 2025: The Great Pizza Wars	Mac, PC	Rooster Teeth Productions	Invisible Collective	N/a	Les personnages que le joueur peut incarner ne sont pas humains.	BattleSloths 2025 The Great Pizza Wars Episode 1 (youtube)	https://www.youtube.com/watch?v=C1uDc7en5LE	https://www.youtube.com/watch?v=dipHNUG0Vxs	https://www.youtube.com/watch?v=BsWFowjyE6s	Action / Humour	yes	06/06/2017
1	BattleTech	PC	Paradox Interactive	Harebrained Schemes	Multi (choix + personnalisation)	Le joueur peut choisir d'incarner un personnage masculin, féminin ou neutre.	Bleeding Cool	https://www.bleedingcool.com/2018/04/27/battletech-angers-gamers-by-providing-a-gender-neutral-option/	http://jstationx.com/2019/03/26/vampire-the-masquerade-bloodlines-2-will-have-female-non-binary-protagonist-options/	https://www.gamekult.com/jeux/battletech-2015-3050550255/test.html	robots / Stratégie / tactique / Science-fiction / Aventure / Action / rpg / futuriste / gestion / espace 	yes	24/04/2018
0 (offsite)	BestLuck *	Switch, Wii U, PC											
1	Blade Strangers	Switch	Nicalis, Pikii	Studio Saizensen	Multi (choix)	Plusieurs personnages, masculins ou féminins, sont disponibles.	La Garde c'est arrière - Test de BLADE STRANGERS [EP#56] (Youtube)	https://www.youtube.com/watch?v=8D_O_ky-7aE	https://www.giantbomb.com/blade-strangers/3030-59921/characters/	https://www.gamekult.com/actualite/blade-strangers-la-baston-des-jeux-inconnus-ou-presque-3050796147.html	action / combat	yes	28/08/2018
1	Black Desert Online	PC, Xbox One	Kakao Games	Pearl Abyss	Multi (choix)	Le joueur peut incarner des personnages de différents genres, et les personnaliser.	Black Desert	https://www.blackdesertonline.com/	https://www.gamekult.com/jeux/black-desert-online-3050063766.html	https://www.youtube.com/watch?v=8eVhqGh0MqE	MMORPG / action / RPG	yes	2015 (en Corée)
1	Blasters of the Universe	PC	The Secret Location	The Secret Location	Gender-ambiguous	On peut personnaliser son arme mais pas d'information sur le personnage incarné.	Blasters of the Universe | Build Your Weapon | PS VR (Youtube)	https://www.youtube.com/watch?v=yITKSTbl4Lc	https://www.blastersoftheuniverse.com/	https://www.vrplayer.fr/playstation-vr-blasters-of-the-universe-test/	action / arcade / fps	no	14/07/2016
1	Bravo Team	PS4	Sony Interactive Entertainment	Supermassive Games	Multi (choix + personnalisation)	Le joueur peut choisir d'incarner une femme ou un homme.	Sagamer	https://sagamer.co.za/review-bravo-team-psvr	http://www.sonyvores.fr/test-bravo-team-ps4-psvr/	http://iris.theaureview.com/games-review-bravo-team-psvr-2018-shooting-for-the-bargain-bin/	FPS	no	06/03/2018
1	Brawlout	PS4, Xbox One, PC	Angry Mob Games	Angry Mob Games	Multi (choix)	Les personnages sont non-humains, mais certains "associés" au genre féminin ou masculin.	Jeuxvideo.com	http://www.jeuxvideo.com/videos/886805/brawlout-presente-ses-nouveaux-personnages.htm	https://brawlout.fandom.com/wiki/Brawlout_Wiki	https://www.geek.com/games/brawlout-is-almost-super-smash-bros-for-nintendo-switch-1726243/	Combat / Action / Plateformes	yes	19/12/2017
1	Call of Cthulhu	PS4, Xbox One, PC	Cyanide Studio	Focus Home Interactive	M	Le joueur incarne Edward Pierce.	Site officiel de Cthulhu	http://www.callofcthulhu-game.com/	https://www.lesnumeriques.com/jeux-video/call-of-cthulhu-p49471/test.html	http://www.gameblog.fr/tests/3208-call-of-cthulhu-pc	Survie / horreur / RPG / aventure / narration / détective / FPS 	no	30/10/2018
1	Call of Duty: WWII	PS4, Xbox One, PC	Activision	Sledgehammer Games	M (personnage principal)	Le personnage principal est Ronald « Red » Daniels, même si on peut incarner une résistante lors d'une mission.	Le Point	https://www.lepoint.fr/pop-culture/jeux-videos/call-of-duty-world-war-ii-la-revolution-n-a-pas-eu-lieu-09-11-2017-2171015_2943.php	http://www.jeuxvideo.com/news/650303/call-of-duty-wwii-detaille-ses-personnages-avec-un-arg.htm	https://www.youtube.com/watch?v=4gzELsS5JUo	Action / FPS / tir	yes	03/11/2017
0 (offsite)	Chess Ultra *	PS4, Xbox One, PC, VR											
0 (no info)	Circle of Saviors	PC	Five for Co	Five for Co	Gender-ambiguous	Jeu en VR	Cos VR	http://www.cos-vr.com/sp/05_f.html	https://www.youtube.com/watch?v=bgrbEdWM6Qo	https://www.youtube.com/watch?v=zsZ20bv-50s	action / vr	unknown	
1	Code Vein	Xbox One, PS4	Bandai Namco Entertainment	BANDAI NAMCO Studio	Multi (choix + personnalisation)	Le joueur peut incarner un personnage féminin ou masculin. 	CODE VEIN - Character Creation & Customization Gameplay (Youtube)	https://www.youtube.com/watch?v=2P0qSD0jPfo	https://www.youtube.com/watch?v=n4V0qfd6j-0	https://www.youtube.com/watch?v=OSoNiTEXp2E	action / RPG / apocalyptique	yes	2019
0 (no info)	Coma Remembered	TBA		Serenity Forge	Gender-ambiguous					https://www.gamerzunite.com/coma-remembered-showcased-at-indie-e3-press-conference#.XMAzqZMzbOQ			
1	Community INC	PC	tinyBuild Games	T4 Interactive	N/a	Il s'agit d'un jeu de gestion où l'on incarne pas un personnage en particulier.		https://www.indiemag.fr/jeux/community-inc	https://www.youtube.com/watch?v=cmGFNTXEo6c	https://www.youtube.com/watch?v=8qUfGjXvndk	simulation / stratégie / construction / survie	no	03/08/2017
0 (2016)	Conan Exiles	Xbox One, PC	Funcom	Funcom	Multi (choix + personnalisation)	On peut choisir le genre du personnage incarné et le personnaliser.	CONAN EXILES - FEMALE CHARACTER CREATION - NO COMMENTARY (Youtube)	https://www.youtube.com/watch?v=ynBBYC1c3X0	https://www.youtube.com/watch?v=y2Ger_NQ7Tg	https://www.youtube.com/watch?v=tiHSOCye59Q	Survie / monde ouvert / construction / rpg / action / exploration / gore / Fantasy	yes	08/05/2018
1	Conquerors Blade	PC, PS4	My.com, Booming Games	Booming Games	Multi (choix + personnalisation)	Le joueur peut choisir le genre de son personnage et personnaliser celui-ci.	Conquerors Blade (site officiel)	https://cb.my.com/en/news/48-pre-ordering-conqueror-s-blade	https://www.youtube.com/watch?v=zT1qZFyGVbs	https://www.youtube.com/watch?v=Lf3KEHLOpS4	Action / Stratégie / RPG / Monde ouvert / MMORPG / Médiéval	yes	2019 (bêta)
1	Crackdown 3	Xbox One, PC	Microsoft Studios	Reagent Games	Multi	Plusieurs personnages féminins sont proposés.	Crackdown 3: Single-Player Gameplay Footage & Details (4K) - IGN First (Youtube)	https://www.youtube.com/watch?time_continue=131&v=4JXB9hioK1M	https://jstationx.com/2018/12/21/crackdown-3-female-protagonist-options/	https://www.youtube.com/watch?v=Z1SINFVPKNw	action / aventure / Tir en vue objective	yes	15/02/2019
0 (remake)	Crash Bandicoot N.Sane Trilogy	PS4						https://www.gamekult.com/jeux/crash-bandicoot-n-sane-trilogy-3050817603/test.html					
1	Culdcept Revolt	3DS	NIS America	Omiya soft	M	Le joueur incarne Allen, un "cepter", être contrôlant des cartes magiques.	NIS America	https://nisamerica.com/games/culdcept-revolt/story_character/index.html	http://www.jeuxvideo.com/jeux/3ds/jeu-514339/	http://www.jeuxvideo.com/test/730644/culdcept-revolt-cartes-gagnantes-sur-3ds.htm	Jeu de cartes	yes	07/07/2016 (au japon)
0 (2015)	Cuphead	Xbox One, PC	Studio MDHR	Studio MDHR	M	Jusqu'à la sortie d'un DLC à l'E3 2018, qui propose un personnage féminin, le joueur n'avait le choix qu'entre deux personnages masculins.	Nintendo	https://www.nintendo.fr/Jeux/Jeux-a-telecharger-sur-Nintendo-Switch/Cuphead-1532319.html	https://thecuphead.fandom.com/wiki/Cuphead_(character)	https://cuphead.fandom.com/fr/wiki/Mugman	action/ plateformes /  Dessin animé / Rétro / Shoot 'Em Up 	yes	29/09/2017
0 (offsite)	Dandara *	Wii U, Switch											
1	Danganronpa V3: Killing Harmony	PS4, Vita, PC	Spike Chunsoft	Spike Chunsoft	F	Le joueur incarne, pour la première fois, un personnage féminin.	Gamer Actor	https://www.gamereactor.fr/danganronpa-v3-killing-harmony-test/	https://store.steampowered.com/app/567640/Danganronpa_V3_Killing_Harmony/	http://www.jeuxvideo.com/test/719073/danganronpa-v3-killing-harmony-aventure-meurtriere-et-justice-expeditive-en-milieu-scolaire.htm	histoire / détective / mystère / aventure / horreur / comédie / humour	no	12/01/2017
1	Dark and Light	Xbox One	Snail Games USA	Snail Games USA	Multi (choix + personnalisation)	Le joueur peut choisir le genre de son personnage et le personnaliser de façon très poussée.	Dark and Light - Character Creation, Crafting, and Magic! (Dark and Light Gameplay Part 1) (Youtube)	https://www.youtube.com/watch?v=Dl2dLt7-O4E	https://darkandlight.gamepedia.com/Customization	https://www.youtube.com/watch?v=ug5dyqEWUy4	Monde ouvert / Survie / RPG / Fantasy / aventure / MMORPG / action / médiéval	yes	20/07/2017
1	The Darwin Project	PC, Xbox One	Scavengers Studio	Scavengers Studio	Multi (choix + personnalisation)	Le joueur peut incarner un personnage féminin ou masculin.	Site officiel de Scavengers Studio	http://www.scavengers.ca/	https://twitter.com/DarwinProject/status/1024054269572521984	https://darwinproject.fandom.com/wiki/Character_Customization	Battle Royale / Survie / Action / Aventure / Coopération / tir / 3e personne	yes	09/03/2018
0 (compilation, no info)	Data East Classics	?											
0 (2016)	Days Gone	PS4	SIEE	Bend Studio	M	"Set in the beautiful, volcanic scarred high-desert of the Pacific Northwest, Days Gone is an open-world action-adventure game where you play as Deacon St. John, a Drifter and bounty hunter who would rather risk the dangers of the broken road than live in one of the “safe” wilderness encampments. "	Bend Studio	https://bendstudio.com/games/days-gone/	https://gamerant.com/days-gone-protagonist-no-custom-appearance/	https://daysgone.fandom.com/wiki/Days_Gone_Wiki	Action / aventure / survival horror	no	26/04/2019
0 (2016)	Death Stranding	PS4	Sony Interactive Entertainment	Kojima Productions	M	Le joueur incarne Sam Bridges, un homme "qui brave un monde mortel et mystérieux où la mort se tapit dans tous les recoins. Transportez les vestiges de l'avenir et embarquez dans un voyage pour reconstruire un monde brisé, petit à petit".	Death Stranding - E3 2018 4K Trailer | PS4	https://www.youtube.com/watch?v=rP3UngLFou4	https://www.senscritique.com/jeuvideo/Death_Stranding/21588200	http://jstationx.com/2018/06/12/death-stranding-female-characters-trailer-e3-2018/	Action / exploration	yes	2019
1	Destiny 2	PS4, Xbox One, PC	Activision et par Sony Interactive Entertainment .	Bungie Studios 	Multi (choix + personnalisation)	Le joueur peut choisir le genre de son personnage et le personnaliser.	Destiny 2 - Human Female Character Creation (Youtube)	https://www.youtube.com/watch?v=yF_-RottErM	https://www.youtube.com/watch?v=1H72Q2xi4ug	https://twinfinite.net/2017/09/destiny-2-change-gender-how-to/	tir / action / fps	yes	06/09/2017
0 (2016)	Detroit: Become Human	PS4	Sony Interactive Entertainment	Quantic Dream	Multi (à tour de rôle)	Le joueur peut incarner trois personnages, dont un féminin.	Epic Games	https://www.epicgames.com/store/fr/product/detroit-become-human/home	https://www.lepoint.fr/pop-culture/jeux-videos/detroit-become-human-et-si-vous-etiez-un-robot-25-05-2018-2221253_2943.php	https://jeux.ca/jeux-video/critique/critique-detroit-become-human/	futur	no	25/05/2018
0 (offsite)	Distant *	PC, iOS											
0 (2016)	Dishonored 2	PS4, Xbox One, PC	Bethesda Softworks	Arkane Studios	Multi (choix)	Le joueur doit choisir entre Emily et Corvo.	PC Gamer	https://www.pcgamer.com/how-to-pick-between-emily-and-corvo-in-dishonored-2/	https://www.youtube.com/watch?v=1TV67I2SJmI	https://www.youtube.com/watch?v=a4AByn964-M	Infiltration / action / 1ère personne / aventure / monde ouvert / exploration / dystopique / surnaturel	yes	11/11/2016
1	Dishonored 2: Death of the Outsider	PS4, Xbox One, PC	Bethesda Softworks	Arkane Studios	F	Le joueur incarne Billie.	JeuxVideo.com	http://www.jeuxvideo.com/test/712325/dishonored-la-mort-de-l-outsider-la-maitrise-d-un-dernier-contrat.htm	https://www.youtube.com/watch?v=EP4SAOFgg3c	https://www.actugaming.net/test-dishonored-la-mort-de-loutsider-une-conclusion-plus-que-satisfaisante-112053/	Infiltration / action / 1ère personne / violence / magie / aventure / monde ouvert / fps	no	15/09/2017
1	Dissidia Final Fantasy NT	PS4	Team Ninja	Square Enix	Multi (choix)	Des personnages masculins et feminins sont disponibles.	JeuxVideo.com	http://www.jeuxvideo.com/jeux/ps4/jeu-422467/#details	https://www.youtube.com/watch?v=zQAmu49GSmw	http://www.jeuxvideo.com/test/788621/dissidia-final-fantasy-nt-le-jeu-de-combat-egare.htm	Action / combat / fantasy	yes	26/11/2015
1	Doom VFR	PC	Bethesda Softworks	id Software	Gender-ambiguous	Jeu en VR à la première personne.	TEST DE DOOM VFR - L'enfer est bien là ! (Youtube)	https://www.youtube.com/watch?v=8VVFsI--5LE	http://www.gameblog.fr/tests/2917-doom-vfr-ps-vr	http://www.jeuxvideo.com/test/762143/doom-vfr-une-impression-de-deja-vu-dans-l-enfer-de-la-vr.htm	Violence / action / gore / fps / tir / horreur / science-fiction	no	01/12/2017
1	Dragon Ball FighterZ †	PC, PS4, Xbox One, Switch	Bandai Namco Entertainment	Arc System Works	Multi (choix)	Des personnages masculins et feminins sont disponibles.	FEMALE ZAMASU GAMEPLAY - Dragon Ball FighterZ Female Zamasu & ALL DRAMATIC FINISHES GAMEPLAY (Youtube-	https://www.youtube.com/watch?v=fHZrn66iVME	https://dragonball.fandom.com/wiki/Dragon_Ball_FighterZ	https://www.youtube.com/watch?v=XdAs0qzuC0g	combat / action / arcade / narratif / beat 'em up	yes	26/01/2018
1	Dunk Lords	Xbox One	Story Fort	Story Fort	Multi (choix)	Le joueur a le choix entre seize personnages, dont la plupart sont d'apparence masculine même si certains sont féminins.	Site officiel de Story Fort	https://www.storyfort.com/	http://indiemegabooth.com/project/dunk-lords/	https://www.youtube.com/watch?v=2B-iY4W4iZA	two-on-two / basketball / beat 'em up /sport	yes	2019
1	Etrian Odyssey V: Beyond The Myth	3DS	Atlus	Atlus	Multi (choix + personnalisation)	Le joueur a le choix entre plusieurs classes de personnages. De nombreux personnages féminins sont disponibles et personnalisables.	Gamekult	https://www.gamekult.com/jeux/etrian-odyssey-v-3050371911/video-3050669725.html	https://www.youtube.com/watch?v=qAsUMBKHm-s	https://www.nintendo.fr/Jeux/Nintendo-3DS/Etrian-Odyssey-V-Beyond-the-Myth-1275926.html#Vue_d_ensemble	RPG	no	04/08/2016 (Japon)
1	Everybody's Golf	PS4	Sony Interactive Entertainment	Clap Hanz, SIE Japan Studio	Multi (choix + personnalisation)	Le joueur peut choisir le genre de son personnage, et personnaliser celui-ci.	Gameblog	http://www.gameblog.fr/tests/2827-everybody-s-golf-ps4	https://www.youtube.com/watch?v=tn6ARSTp4wk	http://www.jeuxvideo.com/jeux/ps4/jeu-537167/#details	sport / golf	yes	30/08/2017 (Europe)
1	Extinction	PS4, Xbox One, PC	Maximum Games	Iron Galaxy	M	Le joueur incarne Avil, un personnage masculin.	Site officiel d'Extinction	https://www.extinction.com/	https://www.actugaming.net/test-extinction-139958/	https://store.steampowered.com/app/570710/Extinction/	Heroic Fantasy / action / aventure / violence / monde ouvert	no	10/04/2018
1	Fable Fortune	Xbox One, PC	Mediatonic	 Mediatonic, Flaming Fowl Studios	n/a	Jeu de cartes, pas de personnage incarné en particulier.	JeuxVideo.com	http://www.jeuxvideo.com/test/813565/fable-fortune-un-jeu-de-cartes-convenu-qui-se-repose-un-peu-trop-sur-son-univers.htm	https://www.microsoft.com/fr-fr/p/fable-fortune/9mswwjwrf4wc?activetab=pivot:overviewtab	https://www.gamekult.com/jeux/fable-fortune-3050704995.html	cartes	yes	22/02/2018
0 (nouveau support)	Fallout 4 VR	HTC Vive											
1	Far Cry 5	PC, PS4, Xbox One	Ubisoft	Ubisoft	Multi (choix + personnalisation)	Des personnages masculins et feminins sont disponibles, et ils sont également personnalisables.	Far Cry 5 - All Character Customizations (Male & Female) All Faces/Hair/Clothes (Youtube)	https://www.youtube.com/watch?v=rhQ7Pn-2bS8	https://www.youtube.com/watch?v=7z3M6uSxB6M	https://www.gamekult.com/jeux/far-cry-5-3050875843.html	action / fps / infiltration	yes	27/03/2018
0 (2016)	Fate/Extella: The Umbral Star	PS4, PS Vita, Nintendo Switch	Marvelous	Marvelous	Multi (choix)	Des personnages masculins et féminins sont disponibles.	Site officiel de Fate/Extella	http://www.fateextella.com/char.html	https://www.youtube.com/watch?v=qvt4n-riGZ4	https://www.youtube.com/watch?v=CE9Y7mk59k8	action / hack 'n' slash	yes	10/11/2016 (Japon)
1	FIFA 18 †	PS4, Xbox One	Electronic Arts	Electronic Arts	Multi (choix)	Même si les possibilités de jouer des femmes sont réduites, elles existent.	Europe 1	https://www.europe1.fr/sport/fifa-2018-des-changements-notables-mais-pas-de-revolution-3450011	https://www.ea.com/fr-fr/games/fifa/fifa-19/news/fifa-18-leagues-and-teams	http://www.leparisien.fr/sports/football/fifa-18-ca-serait-top-de-pouvoir-jouer-avec-le-psg-feminin-confie-laure-boulleau-19-09-2017-7271787.php	sport / football	yes	29/07/2017
0 (nouveau support)	FIFA Switch	Switch											
0 (2016, maybe  extension / nveau support ?)	Final Fantasy XV: Monsters of the Deep	PSVR	Square Enix	Square Enix	Multi (choix + personnalisation)	Le joueur peut choisir un avatar masculin ou féminin.	Gameblog	http://www.gameblog.fr/tests/2904-monster-of-the-deep-final-fantasy-xv-ps-vr	http://www.jeuxvideo.com/test/755557/monster-of-the-deep-final-fantasy-xv-lachez-prise-sur-ps4.htm	https://finalfantasyxv.square-enix-games.com/fr/playstation-vr	sport / pêche	yes	21/11/2017
1	Fire Emblem Warriors	Nintendo 3DS	Koei Tecmo Games, Nintendo	Omega Force, Team Ninja	Multi (choix)	Des personnages masculins et feminins sont disponibles.	Gamekult	https://www.gamekult.com/jeux/fire-emblem-warriors-3050841671.html	https://www.nintendo.fr/Jeux/Nintendo-Switch/Fire-Emblem-Warriors-1175315.html	https://www.gamekult.com/jeux/fire-emblem-warriors-3050841671/test.html	RPG / Hack 'n' slash	yes	28/09/2017 (au Japon)
1	Fortnite (coming to Switch)	PC, Xbox One, PS4, iOS	Epic Games	Epic Games / People Can Fly	Multi (choix + personnalisation)	"On compte ainsi sur le skin Chef de l'équipe rose (pour l'avatar féminin), et Peinture de Guerre (pour l'avatar masculin). Ils sont tous les deux légendaires. "	IGN	https://fr.ign.com/fortnite-pc/39315/news/fortnite-un-skin-pour-les-fondateurs-et-les-defis-anniversai?utm_source=recirc	https://www.forbes.com/sites/erikkain/2018/12/06/here-are-all-the-new-season-7-battle-pass-skins-in-fortnite-battle-royale/#255251967a22	https://www.bfmtv.com/tech/fortnite-supprime-le-mouvement-de-poitrine-d-un-personnage-feminin-1532907.html	survie / action / battle royale	yes	25/07/2017
1	Forza Motorsport 7	Xbox One, Xbox One X, PC	Microsoft Studios	Turn 10 Studios	Multi (choix + personnalisation)	Le joueur choisit s'il est un pilote féminin ou masculin.	Venture Beat	https://venturebeat.com/2017/10/06/forza-motorsport-7-wants-you-to-care-about-your-driver-too/	https://www.theverge.com/games/2017/6/11/15770948/e3-2017-forza-motorsport-7-scorpio-play-story	https://www.youtube.com/watch?v=dln88rVl-TY	course / sport / automobile / voiture	yes	03/10/2017
0 (offsite)	Gang Beasts *	PC, PSVR											
1	Genesis Alpha One	PS4, Xbox One, PC	Team17	Radiation Blue	Multi (choix)	Les clones peuvent être masculins ou féminins.	Pure Play Station	https://pureplaystation.com/review-genesis-alpha-one-ps4/2019/01/	https://articles.gamerheadquarters.com/genesis-alpha-one-cloning-guide-how-to-create.html	https://sickcritic.com/2019/01/29/genesis-alpha-one-review-broken-cross/	Construction / RPG / survie / action / espace / violence / aventure / simulation / espace / fps / rogue-like	no	2020
0 (2016)	God of War	PS4	Sony Interactive Entertainment	Sony Santa Monica	M	Le joueur incarne un personnage masculin.	Gamekult	https://www.gamekult.com/jeux/god-of-war-ps4-3050376157/test.html	https://godofwar.playstation.com/	http://www.gameblog.fr/tests/3023-god-of-war-ps4	historique / action / aventure / Hack 'n' slash	no	20/04/2018
0 (offsite)	Golf For Workgroups *	PC											
1	Gran Turismo Sport	PS4	Sony Interactive Entertainment	Polyphony Digital	M	Il n'est pas possible de choisir le genre du personnage. De plus, la silhouette est masculine.	Gran Turismo Sport - Customization: Clothes & Helmet - Level 10 (Youtube)	https://www.youtube.com/watch?v=0u6YDP4NFjY	https://www.youtube.com/watch?v=B9F5eq40Y6o	https://www.youtube.com/watch?v=xLik66C64H4	course / sport / automobile / voiture	yes	17/10/2017
0 (pas assez d'info)	Griftlands	PC	Klei Entertainment	Klei Entertainment							RPG / aventure / politique / science-fiction / gestion	no	2019
0 (offsite)	GUTS *	PS4, Xbox One, PC											
1	Harvest Moon: Light of Hope †	PS4, Switch, PC	Natsume	Tabot	Multi (choix)	Le joueur peut incarner un petit garçon ou une petite fille.	Nintendo Town	http://www.nintendo-town.fr/2018/07/16/harvest-moon-light-of-hope-nintendo-switch-le-test/	https://lightningamer.com/harvest-moon-light-of-hope-details/	http://metatrone.fr/41079-harvest-moon-lumiere-espoir-sera-disponible-en-juin-sur-switch-et-ps4/	RPG / simulation / aventure / agriculture	yes	14/11/2017
1	Harvest Moon: Lil' Farmers	iOS, Android, Kindle	Natsume	Natsume	gender-ambiguous	Le joueur gère sa ferme.	Harvest Moon Lil Farmers Gameplay Review (Youtube)	https://www.youtube.com/watch?v=O_pKT9M8ddQ	https://www.youtube.com/watch?v=AffuGfDqHzI	http://www.jeuxvideo.com/news/665801/harvest-moon-lil-farmers-disponible-sur-ios-et-android.htm	simulation	no	25/05/2017
1	Hello Neighbor	Xbox One, PC	tinyBuild	Dynamic Pixels	M	Le joueur incarne un petit garçon dénommé Nicky.	ComicBook	https://comicbook.com/gaming/2018/03/08/hello-neighbor-prequel-novel/	https://www.nintendo-town.fr/2018/08/29/hello-neighbor-nintendo-switch-le-test/	https://www.actugaming.net/test-hello-neighbor-espionner-voisin-na-decidement-rien-de-ludique-124760/	Horreur / 1re personne / infiltration / stratégie / aventure / survie / action / fps / coopération	yes	08/12/2017
1	Hey! PIKMIN	3DS	Nintendo	Arzest	M	Le joueur incarne le capitaine Olimar.	Gamergen	https://gamergen.com/tests/hey-pikmin-nintendo-3ds-2ds-test-review-verdict-284782-1	https://www.jeuxactu.com/hey-pikmin-tout-ce-qu-il-faut-savoir-sur-le-jeu-108921.htm	http://www.jeuxvideo.com/test/690413/hey-pikmin-olimar-se-met-au-vert-sur-3ds.htm	action / plate-formes	no	28/07/2017
1	Hidden Agenda	PS4	Sony Interactive Entertainment	Supermassive Games	F	Le jeu met en scène deux héroines. 	Jeuxvideo.com	http://www.jeuxvideo.com/test/748597/hidden-agenda-la-gamme-playlink-fait-son-cinema.htm	https://www.youtube.com/watch?v=mTk7bTwBOM0	https://www.actugaming.net/test-hidden-agenda-lenquete-a-true-detective-119610/	narratif / réflexion / enquête	yes	24/10/2017
0 (DLC)	Horizon Zero Dawn: The Frozen Wilds DLC	PS4											
0 (offsite)	Ironcast *	Wii U, Switch											
0 (offsite)	Joggernauts *	PC											
1	Just Dance 2018	Xbox One, PS4, Switch, Wii, WiiU, 360, PS4	Ubisoft	Ubisoft	Multi (choix)	De nombreuses danses sont disponibles, avec tant des danseurs féminins que masculins.	Youtube	https://www.youtube.com/watch?v=esReE5W3SUo	https://www.youtube.com/watch?v=tv4QZQNUvts	https://www.youtube.com/watch?v=M-0BvBiFlVQ	musique / danse / rythme	yes	24/10/2017
1	Kaidro: The Awakening	PC		Gadget Bot	F	Les joueurs jouent le rôle d'une orpheline.	Kaidro: The Awakening	https://www.kaidrotheawakening.com/	https://www.vrfocus.com/2017/06/kaidro-the-awakening-looks-great-in-these-new-screenshots/	http://www.gadget-bot.com/kaidro	robots 	unknown	unknown
0 (2016)	Killing Floor 2	PC, PS4	Tripwire Interactive	Tripwire Interactive	Multi (choix)	Des personnages masculins et féminins sont disponibles.	TV Tropes	https://tvtropes.org/pmwiki/pmwiki.php/Characters/KillingFloor2	https://www.youtube.com/watch?v=amJ0MBwFpp0	https://www.gamekult.com/jeux/killing-floor-2-3050375871.html	fps /  Post-apocalyptique / Monstres / horreur / survie	yes	18/11/2016
0 (offsite)	Kingdoms and Castles*	PC											
1	Kingdom Hearts 3 †	PS4, Xbox One	Square Enix	Square Enix	Multi (au long de la partie)	Les personnages jouables sont masculin, même si sur une courte partie du jeu il est possible de jouer Aqua.	Télérama	https://www.telerama.fr/enfants/jeux-video-pour-enfants-kingdom-hearts-iii,-final-dune-saga-de-jeux-de-role-fleuve,n6131671.php	https://twinfinite.net/2019/01/kingdom-hearts-3-all-playable-characters/	https://www.crossmap.com/news/kingdom-hearts-3-release-date-co-director-says-that-aquas-story-in-the-kingdom-hearts-2-8-final-chapter-prologue-is-important.html	action / rpg	no	25/01/2019 (au Japon)
0 (offsite)	Kingsway *	PC											
1	Kirby Star Allies	Switch	Nintendo	HAL Laboratory	n/A	Les personnages ne sont pas genrés.	Nintendo	https://www.nintendo.fr/Jeux/Nintendo-Switch/Kirby-Star-Allies-1233956.html	https://www.youtube.com/watch?v=XgnKjiZcQ3U	https://www.youtube.com/watch?v=9PCUYjzSOEI	plate-formes / aventure	yes	16/03/2018
1	Knack 2	PS4	Sony Interactive Entertainment	SIE Japan Studio	M	Le personnage incarné est doté d'une voix masculine, et genré au masculin.	Playstation	https://www.playstation.com/fr-ch/games/knack-2-ps4/	https://musga.fr/knack-2-histoire-de-taille/	http://www.gameblog.fr/tests/2824-knack-ii-ps4	Action /  Beat'em All / Plate-Forme	yes	05/09/2017
0 (offsite)	Knights and Bikes *	PC											
0 (2016)	Lawbreakers	PC, PS4	Nexon	Boss Key Productions	Multi (choix)	Les joueurs peuvent choisir des personnages masculin ou féminin.	a.list	https://www.alistdaily.com/media/diversity-impacting-lawbreakers-game/	https://www.pcgamer.com/lawbreakers-characters-tips/	https://www.youtube.com/watch?v=Bx1SqLzTwgk	FPS / tir	yes	08/08/2017
0 (2015)	Lego Dimensions	PS3, PS4, Xbox One, Wii U	WB Games	Traveller's Tales									
1	Lego Marvel Super Heroes 2	Xbox One, PC, PS4, Switch	WB Games	Traveller's Tales	Multi (choix) 	Les joueurs ont beaucoup de personnages disponibles, tant féminins que masculins.	Lego	https://www.lego.com/en-us/kids/games/marvel-superheroes/marvel-super-heroes-2-ee6fccd6df6d4c11a4c17e65a8ea5427	https://www.youtube.com/watch?v=E8jDVTq16sU	https://www.ign.com/wikis/lego-marvel-super-heroes-2/Characters			
0 (offsite)	Legrand Legacy *	PC											
1	Life is Strange: Before the Storm	PS4, Xbox One, PC	Square Enix France	Deck Nine	F	Le joueur incarne Chloe, une adolescente.	Steam	https://store.steampowered.com/app/554620/Life_is_Strange_Before_the_Storm/	https://www.gamekult.com/actualite/life-is-strange-before-the-storm-l-heure-des-adieux-a-sonne-pour-max-et-chloe-3050803119.html	https://geekmick.fr/life-is-strange-before-the-storm-le-journal-intime-de-violaine-dans-chloe	histoire / narratif / aventure / 3ème personne / mystère / action / Pointer et cliquer	no	20/12/2017
0 (offsite)	Light Fall *	PS4, Switch, Wii U, Xbox One, PC											
1	Lone Echo	PC	Oculus Studios	Ready at Dawn Studios	M	Le joueur incarne une intelligence artificelle, Jack, dotée d'une apparence masculine et d'un prénom masculin.	Oculus	https://www.oculus.com/experiences/rift/1368187813209608/?locale=fr_FR	http://www.jeuxvideo.com/jeux/pc/jeu-548027/	https://www.realite-virtuelle.com/test-lone-echo-oculus-rift	aventure	yes	20/07/2017
1	Madden NFL 18 †	Xbox One, PS4, TBA	Electronic Arts	EA Tiburon	M (principal)	L'histoire est centrée sur un homme.	The Guardian	https://www.theguardian.com/technology/2017/jun/16/e3-2017-diversity-report-female-game-characters-mask-lack-of-progress-white-men-conferences	https://www.operationsports.com/madden-nfl-18s-story-mode-called-longshot-features-playable-colleges/	https://www.usgamer.net/articles/madden-18-finally-gives-women-a-place-in-eas-football-sim	football américain / sport / simulation	yes	25/08/2017
0 (offsite)	Manifest 99 *	VR											
0 (remake)	Mario & Luigi Superstar Saga + Bowser's Minions	3DS	Nintendo	AlphaDream	M (principal)			https://www.nintendo.com/games/detail/mario-luigi-superstar-saga-bowsers-minions-3ds/	https://www.nintendo.fr/Jeux/Nintendo-3DS/Mario-Luigi-Superstar-Saga-Les-sbires-de-Bowser-1234324.html	http://www.jeuxvideo.com/jeux/3ds/jeu-672120/#details	rpg / plateformes	no	06/10/2017
1	Marvel vs Capcom: Infinite	Xbox One, PS4, PC	Capcom	Capcom	Multi (choix)	Des personnages masculins et féminins sont disponibles.	IGN	https://www.ign.com/wikis/marvel-vs-capcom-infinite/Characters	https://www.polygon.com/2017/8/17/16162150/marvel-vs-capcom-infinite-gameplay-modes-online-offline-story-trailer-3	http://www.jeuxvideo.com/jeux/jeu-577494/	combat	yes	19/09/2017
1	Mario + Rabbids Kingdom Battle	Nintendo Switch	Ubisoft	Ubisoft	Multi (choix)	Les joueurs peuvent incarner des personnages variés comme Mario ou Peach.	Jeuxvideos.com	http://www.jeuxvideo.com/jeux/switch/jeu-651075/#details	https://www.nintendo.com/games/detail/mario-rabbids-kingdom-battle-switch/	https://www.youtube.com/watch?v=DqH-iwA0ZmU	tactique / aventure / stratégie	yes	29/08/2017
0 (2016)	Masquerada: Songs and Shadows	PC	Ysbryd Games	Witching Hour Studios	M	Les joueurs incarnent un révolutionnaire nommé Cyrus.	Masquerada	http://www.masquerada.com/	https://www.actugaming.net/masquerada-songs-and-shadows-ensorcelant-malgre-quelques-fausses-notes-106994/	https://store.steampowered.com/app/459090/Masquerada_Songs_and_Shadows/	RPG / narratif / tactique / drame	no	30/09/2016
1	Matterfall	PS4	Sony Interactive Entertainment	Housemarque	F	Le joueur incarne une mercenaire.	Jeuxvideo	http://www.jeuxvideo.com/test/702353/matterfall-un-run-and-gun-sympathique.htm	http://www.gameblog.fr/tests/2816-matterfall-ps4	https://www.actugaming.net/test-matterfall-ladrenaline-gameplay-secours-manque-doriginalite-109680/	action / tir / science-fiction	no	15/08/2017
1	Metal Gear Survive	PC, PS4, Xbox One	Konami	Konami	Multi (choix + personnalisation)	Le joueur peut incarner un personnage féminin ou masculin, et le personnaliser de façon détaillée.	Metal Gear Survive Character Creation (All Options) (Youtube)	https://www.youtube.com/watch?v=u-N2Jquq2dg	https://www.gamekult.com/jeux/metal-gear-survive-3050753181.html	https://www.youtube.com/watch?v=giYhP-pKMoE	action / aventure / survie	yes	20/02/2018
1	Metro Exodus	PC, Xbox One, PS4	Deep Silver	4A Games	M	"Artyom, le protagoniste de la série Metro, quitte les souterrains de Moscou avec d'autres membres de l'Ordre pour explorer l'est de la Russie en quête d'une nouvelle vie."	Jeuxvideos.com	http://www.jeuxvideo.com/jeux/jeu-669725/#details	https://www.metrothegame.com/fr/lhistoire-de-metro/	https://www.numerama.com/pop-culture/410385-on-a-joue-a-metro-exodus-a-la-gamescom-une-premiere-impression-mitigee.html	fps / Post-apocalyptique / combat /  infiltration / exploration / survival horror	no	15/02/2019
0 (no info)	Metroid Prime 4	Switch	Nintendo	Retro Studios						http://www.gameblog.fr/news/80977-metroid-prime-4-nintendo-redemarre-le-developpement-a-zero	fps		
0 (remake)	Metroid: Samus Returns	3DS	Nintendo	MercurySteam									
1	Middle-earth: Shadow of War	PS4, Xbox One, PC	Warner Bros. Interactive Entertainment	Monolith Productions	Multi (choix)	Des personnages masculins et féminins sont disponibles.	Shadow of war	https://www.shadowofwar.com/fr/characters/	https://www.youtube.com/watch?v=oTwezcA_zrc	https://www.youtube.com/watch?v=ojX9B7S0kOo	action / infiltration / heroic fantasy / fantasy / Monde ouvert / rpg / violence / 3e personne / guerre / narratif /  Hack 'n' slash / stratégie / médiéval / magie	no	27/09/2017
1	Minion Masters: Forced to Duel	Xbox One	BetaDwarf	BetaDwarf	Multi (choix)	Des personnages masculins et féminins sont disponibles.	Minion Masters	http://minionmastersthegame.com/	https://www.youtube.com/watch?v=Weq4JIaUI-c	https://www.youtube.com/watch?v=NOEnSE_Yoyo	Stratégie / cartes / tactique / action / fantasy / rpg 	yes	02/12/2016
1	Monster Hunter World	PS4	Capcom	Capcom	Multi (choix + personnalisation)	Le joueur peut choisir si son personnage est un homme ou une femme, et le personnaliser.	Jeuxvideos.com	http://www.jeuxvideo.com/test/781780/monster-hunter-world-le-renouveau-de-la-serie-est-une-totale-reussite.htm	https://www.youtube.com/watch?v=F95yiFvj5EQ	https://www.youtube.com/watch?v=jaOkbq3RRco	Action / chasse / monde ouvert / RPG / 3e personne / aventure / fantasy / exploration / Hack 'n' slash	yes	26/01/2018
0 (offsite)	Moonlighter *	PS4, Xbox One, PC											
1	Moss	PS4	Polyarc	Polyarc	gender-ambiguous	Le joueur incarne son propre rôle.	Nintendo	https://www.playstation.com/fr-fr/games/moss-ps4/	https://www.polyarcgames.com/	http://www.jeuxvideo.com/test/803700/moss-on-est-tombe-sous-le-charme-de-cette-petite-souris.htm	action / aventure / enigme	no	27/02/2018
0 (nouveau support)	Minecraft	PS4, Switch, Xbox One, PC					Minecraft	Minecraft					
1	Mystic Melee	PC	Serenity Forge	Ben Hopkins	Multi	Le joueur incarne des personnages en 2D, masculin et féminin.	Mystic Melee	http://mysticmelee.com/	https://www.youtube.com/watch?v=4O8aJAsI4tQ	https://www.youtube.com/watch?v=uHEDt1QqAlk	Action / aventure / plateformes / combat	yes	19/09/2017
1	NBA LIVE 18 †	PS4, Xbox One, TBA	Electronic Arts	EA Games	M	Ce n'est qu'à partir de NBA Live 19 que les joueurs ont pu créer leur joueuse.	EA Sports	https://www.easports.com/fr/nba-live/the-one	https://www.youtube.com/watch?v=xp3veZ8BjpA	https://www.ea.com/fr-fr/games/nba-live/nba-live-19/news/female-create-a-player	sport / basket	yes	15/09/2017
1	NBA 2K18	PS4, Switch, Xbox One	2K Sports	Visual Concepts	M	Pas de joueurs féminins disponibles.	NBA 2K18 - Character Creation (Youtube)	https://www.youtube.com/watch?v=GstyudaBCqI	https://www.forbes.com/sites/games/2018/09/11/nba-2k19-review-the-good-the-bad-the-bottom-line/#31f5716b6f8e	https://apptrigger.com/2017/09/18/nba-2k18-neighborhood-missing-female-athletes/	sport / basket	yes	15/09/2017
1	Need for Speed Payback †	Ps4, Xbox One, TBA	Electronic Arts	Ghost Games	Multi (plusieurs)	Le joueur incarne plusieurs personnages, de différents genre, au cours du jeu.	EA	https://www.ea.com/fr-fr/games/need-for-speed/need-for-speed-payback/news/nfs-payback-characters-story	http://jstationx.com/2017/06/11/e3-2017-need-for-speed-payback-female-character/	https://www.ea.com/fr-fr/games/need-for-speed/need-for-speed-payback	course / voiture / automobile	yes	10/11/2017
0 (autre)	New E3 2017 Amiibo	Switch											
1	Nidhogg 2 †	PS4, PC	Messhof Games	Messhof Games	Multi (personnalisation)	Les joueurs peuvent entièrement customiser leurs avatars.	Gamespot	https://www.gamespot.com/articles/you-can-make-your-character-look-even-weirder-in-n/1100-6451344/	https://www.youtube.com/watch?v=5RekMPx2OcY	https://store.steampowered.com/app/535520/Nidhogg_2/	Action / combat / humour / gore / comédie / plateformes / horreur	yes	15/08/2017
0 (offsite)	Ninjin: Clash of Carrots *	PS4, Xbox One, PC											
1	Ni No Kuni 2	PS4, PC	Level-5	Level-5	Multi (choix)	Des personnages masculins et féminins sont disponibles.	Twinfinite	https://twinfinite.net/2018/03/ni-no-kuni-2-playable-characters/	https://www.youtube.com/watch?v=bxtndPhNOyU	http://www.jeuxvideo.com/test/816748/ni-no-kuni-ii-revenant-kingdom-un-savant-melange-des-genres.htm	fantastique / rpg	yes	23/03/2018
1	Observer	PS4, Xbox One, PC	Aspyr	Bloober Team	M	Le joueur prend le contrôle d'un Observateur, Daniel Lazarski.	jeuxvideo.com	http://www.jeuxvideo.com/jeux/pc/jeu-501075/	http://www.gameblog.fr/tests/2823-observer-pc-ps4-xb1	https://store.steampowered.com/app/514900/observer/	survie / horreur / Science-fiction / narratif / aventure / 1re personne / détective / infiltration / survie	no	15/08/2017
1 (offsite, E3 2018)	Ooblets	Xbox One, PC	Double Fine Productions	Glumberland	Multi (personnalisation)	Le personnage est customisable selon les goûts du joueur - il peut être tant masculin que féminin.	"Rebecca Cordingley and Ooblets -- Highlighting Women in Video Games Ep. 1"	https://www.youtube.com/watch?v=GRSNNivQK1g	https://www.youtube.com/watch?v=EeRuBoO-HmE	https://www.youtube.com/watch?v=IREOjTUWD8s	simulation / agricole	no	2019
0 (remake)	Outcast: Second Contact	PC	Bigben Interactive	Appeal						http://www.jeuxvideo.com/jeux/jeu-102045/			
1	Ori and the Will of the Wisps	Xbox One, PC	Microsoft Studios	Moon Studios	N/a	Le personnage est non-humain.	Ori and the Will of the Wisps - E3 2018 - Gameplay Trailer (Youtube)	https://www.youtube.com/watch?v=kd0zbNw1VOg	https://www.youtube.com/watch?v=kUUU1zgmVF8	https://www.youtube.com/watch?v=rcvgrJxEDT4	plates-formes / aventure / Metroidvania / action	yes	2019
1	Osiris New Dawn	Xbox One, PC	Reverb Triple XP	Fenix Fire Entertainment	Multi (choix + personnalisation)	Les joueurs peuvent choisir un personnage masculin ou féminin dans différentes classes, puis le personnaliser.	Osiris: New Dawn | Character Creation (Youtube)	https://www.youtube.com/watch?v=ktrkzAKOwqM	https://www.youtube.com/watch?v=Zh0-Y-aecUI	https://osirisnewdawn.gamepedia.com/Character_creation	Espace / monde ouvert / science-fiction / construction / aventure / fabrication / action / rpg / fps / horreur / survie	yes	28/09/2016
1	Overland	PC	Finji	Finji	N/a	Il s'agit d'un jeu où l'on doit gérer une équipe de survivants, le joueur n'incarne pas un personnage particulier.	Indiemag	https://www.indiemag.fr/jeux/overland	https://veuillezparlapresente.com/actualite/news/overland-jeu-de-survie-tactique-debarque-first-access/	https://www.indiemag.fr/jeux/overland	stratégie / post-apocalyptique / survie / Rogue-like	no	2019
0 (nouveau support)	Path of Exile	Xbox One, PC											
0 (offsite)	Phantom Trigger *	PC											
0 (nouveau support)	Pictlogica Final Fantasy	3DS	Square Enix	Jupiter				http://www.nintendo-difference.com/news38237-pictlogica-final-fantasy--annonce-pour-leshop-de-la-nintendo-3ds-picross-x-final-fantasy.htm	https://www.gamekult.com/jeux/pictlogica-final-fantasy-3050182014.html				
0 (offsite)	Pixel Ripped 1989 *	PS4, PC, VR											
1	Pokemon: Let's Go, Pikachu/Eevee †	Nintendo Switch	Nintendo	Game Freak	Multi (choix)	Il est possible d'incarner une héroine ou un héros.	Site officiel de Pokémon	https://pokemonletsgo.pokemon.com/fr-fr/story/	https://www.pokekalos.fr/jeux/switch/pokemonletsgopikachuevoli/articles-artwork-des-personnages-562.html	https://pokemonletsgo.pokemon.com/fr-fr/story/	aventure / rpg	yes	16/11/2018
1	Pokken Tournament DX †	Switch	Nintendo	Bandai Namco Entertainment	N/a	Les personnages ne sont pas humains et pas genrés.	Jeux Actu	https://www.jeuxactu.com/pokken-tournament-dx-un-trailer-de-gameplay-avec-tortank-113223.htm	https://www.jeuxactu.com/pokken-tournament-dx-un-trailer-pour-les-nouveaux-personnages-110042.htm	http://www.jeuxvideo.com/jeux/switch/jeu-667101/	combat	yes	22/09/2017
1	Pretta: Vendetta Rising	PC, PS4	YJM GAMES	Illion Corp	Multi (choix)	Deux des trois personnages sont féminins.	VR Player	https://www.vrplayer.fr/playstation-vr-preta-mars/	http://www.jeuxvideo.com/videos/675674/preta-vendetta-rising-un-rpg-cooperatif-prometteur-arrive-en-realite-virtuelle-e3.htm	http://www.gameblog.fr/blogs/vrsinge/p_125418_preta-vendetta-rising-diablo-vs-dark-souls-en-vr-gameplay	Aventure / violence / action / rpg / hack'n slash	yes	06/07/2017
1	Raiders of the Broken Planet (renommé depuis en "Space Lords")	Xbox One	MercurySteam	MercurySteam	Multi (choix)	Le joueur a le choix entre différents personnages de différents genres.	Space Lords	https://spacelordsthegame.com/#undefined	https://spacelordsthegame.com/news/devshouts-character-focus-alicia	https://www.mercurysteam.com/blog/	aventure / tir / tactique / stratégie / 3e personne / futuriste / violence / humour	yes	22/09/2017
0 (nouveau support)	Radiant Historia: Perfect Chronology	Switch, 3DS			M			http://www.jeuxvideo.com/jeux/3ds/jeu-631180/#details	https://www.gamekult.com/jeux/radiant-historia-perfect-chronology-3050875485/test.html				
1	Player Unknown's Battlegrounds	PC, Xbox One	 PUBG Corporation (Bluehole)	 PUBG Corporation (Bluehole)	Multi (choix + personnalisation)	Il est possible de choisir une femme et de la personnaliser.	PlayerUnknown's Battleground - Character Creator: Male, Female, Face Presets, Hair & Skin Tones	https://www.youtube.com/watch?v=qsR9c5hOUo0	https://www.youtube.com/watch?v=CcAZOWndSCk	https://www.youtube.com/watch?v=Prx0uqVlHX0	Action / Aventure / MMO / MMOFPS / Shooter / Battle Royale	yes	23/03/2017
0 (no info)	Pikmin 4	Switch	Nintendo	Nintendo Entertainment Analysis & Development				http://www.gameblog.fr/news/68853-e3-2017-pikmin-4-est-toujours-en-developpement-selon-nintend					
1	Project Cars 2	PC, PS4, Xbox One	Bandai Namco Entertainment	Série : Pikmin	gender-ambiguous	Le joueur met le nom, le prénom et la nationalité qu'il souhaite pour son personnage. pas de mention du genre.	g2A	https://www.g2a.com/news/latest/project-cars-2-prepares-launch-beautiful-video/	https://www.youtube.com/watch?v=GIpfR-OoKa4	http://www.jeuxvideo.com/jeux/jeu-430949/#details	course / simulation / voiture	yes	22/09/2017
1	Red Dead Redemption 2	PS4, Xbox One	Rockstar Games	Rockstar Studios	M	Arthur Morgan est le personnage principal.	Gameblog	http://www.gameblog.fr/tests/3197-red-dead-redemption-ii-ps4	https://www.youtube.com/watch?v=94IUmqvGkeg	http://www.jeuxvideo.com/jeux/jeu-554033/#details	tir / action /aventure / western / tps	yes	26/10/2018
1	Redout	PS4, Switch, Xbox One	505 Games	34BigThings	gender-ambiguous	C'est un jeu de course où aucun pilote particulier n'apparaît.	Redout | PC GAMEPLAY | 60 FPS | HD 1080P (Youtube)	https://www.youtube.com/watch?v=FmcfoP-I74I	https://www.youtube.com/watch?v=oRtZe7ViHdA	https://www.gamekult.com/jeux/redout-3050715541.html	course / voiture	yes	29/08/2017 (US)
1	Riverbond	PS4, Xbox One, PC	Cococucumber	Cococucumber	n/a	Les personnages sont, pour l'essentiel, difficilement associables à un genre.	Cococucumber	https://cococucumber.co/home/riverbond/	https://www.youtube.com/watch?v=kxdNvKrvSLU	https://www.indiemag.fr/jeux/riverbond	action / aventure / hack-and-slash 	yes	2019
1	River City: Knights of Justice	3DS	Natsume	Arc System Works	M (personnage principal)	Le personnage principal est masculin.	jeuxvideo.com	http://www.jeuxvideo.com/jeux/3ds/jeu-663637/#details	https://www.youtube.com/watch?v=QF5_2AAd2ac	https://www.nintendo.fr/Jeux/Jeux-a-telecharger-sur-Nintendo-3DS/River-City-Knights-of-Justice-1237676.html#Vue_d_ensemble	rpg / aventure / combat / action / beat'em up 	no	20/06/2017
0 (remake)	River City: Rival Showdown	3DS	Natsume	Arc System Works	M	Le personnage incarné est masculin.	jeuxvideo.com	http://www.jeuxvideo.com/jeux/3ds/jeu-668717/#details	https://www.nintendo.fr/Jeux/Jeux-a-telecharger-sur-Nintendo-3DS/River-City-Rival-Showdown-1306696.html	http://mag.mo5.com/actu/126818/river-city-rival-showdown-le-remake-dun-classique-dispo-sur-3ds/	action	yes	21/11/2017
0 (offsite)	Road Redemption *	PS4, Wii U, Xbox One, PC											
1	Robocraft Infinity	Xbox One	Freejam Games	Freejam Games	n/a	Les joueurs construisent leur robot.	Robot Craft	https://robocraftinfinity.com/en/	http://www.gameblog.fr/news/74609-xbox-one-creez-et-detruisez-comme-vous-voulez-dans-robocraft	https://www.gamereactor.fr/robocraft-infinity-test/	mmo / construction / robots / stratégie / tir / combat	yes	11/04/2018
0 (nouveau support)	Rocket League	Switch, PC4, Xbox One, PC											
1	Roto Color Rhythm	PC	Blue Volcano	Blue Volcano	gender-ambiguous	Le joueur incarne un personnage à la forme changeante.	Roto Color Rhythm	https://rotocolorrhythm.gamepedia.com/Roto_Color_Rhythm_Wiki	https://rotocolorrhythm.com/press/	https://www.youtube.com/watch?v=pBSv8yjGrK0	musique / rythme	no	2019
0 (offsite)	Runner3 *	Wii U, Switch, PC											
1	Sakuna: Of Rice and Ruin †	PS4, PC	Xseed Games	Edelweiss	F	"A l’origine, Sakuna est une petite déesse de l’agriculture, mais l’irruption de créatures malfaisantes sur l’île d’Hinoe l’oblige à justifier sa réputation de bêcheuse. Ce sera en effet l’arme de prédilection de l’héroïne, qui la manie comme personne"	Gamekult	https://www.gamekult.com/jeux/sakuna-of-rice-and-ruin-3050876003/test.html	http://www.jeuxvideo.com/news/665133/e3-2017-sakuna-sera-sur-le-stand-xseed.htm	https://www.youtube.com/watch?v=C6aC2tZjajA	Action / Plate-Forme / combat	unknown	2019
0 (2015)	Sea of Thieves	Xbox One, PC											
0 (offsite)	Secret Legend *	PC											
0 (offsite)	Semblance †*	PC											
1	Senran Kagura: Peach Beach Splash	PS4	Marvelous	Tamsoft	F	Le joueur incarne une héroine ultra stéréotypée.	Actugaming	https://www.actugaming.net/test-senran-kagura-peach-beach-splash-faut-toutes-aspergez-112293/	http://www.jeuxvideo.com/test/655007/senran-kagura-peach-beach-splash-le-splatoon-pegi18.htm	https://www.tryagame.fr/senran-kagura-peach-beach-splash/test-senran-kagura-peach-beach-splash/	tps / Adulte / action / tir / troisième personne / narratif / beat them all	yes	16/03/2017
1	Shadowverse	PC	Cygames	Cygames	n/a	Il s'agit d'un jeu de cartes.	Shadowverse	https://shadowverse.com/	http://www.jeuxvideo.com/test/685039/shadowverse-quand-hearthstone-se-donne-des-airs-d-anime-japonais.htm	https://store.steampowered.com/app/453480/Shadowverse_CCG/	cartes / Stratégie / fantasy / aventure / rpg / MMORPG / horreur	yes	28/10/2016
0 (remake)	Shadow of the Colossus	PS4											
0 (offsite)	Shakedown: Hawaii *	PS4, Switch, PC											
0 (2016)	Shantae: Half-Genie Hero	PS4, PS Vita, Switch, Xbox One, PC	WayForward Technologies	Inticreates	F	Le joueur incarne une héroine.	Jeuxvideo.com	http://www.jeuxvideo.com/test/589834/shantae-half-genie-hero-une-vraie-bouffee-d-air-frais.htm	https://www.gamekult.com/jeux/shantae-half-genie-hero-3050179980.html	http://www.gameblog.fr/tests/2662-shantae-half-genie-hero-ps4-xb1-pc-psv-wiiu	plateformes / action / aventure / humour / fantasy / comédie	no	30/09/2016
0 (no info)	Shift	Xbox One											
0 (remake)	Shin Megami Tensei: Strange Journey Redux	3DS								http://www.jeuxvideo.com/jeux/3ds/jeu-631316/#details			
1	Skull and Bones †	PS4, Xbox One, PC	Ubisoft	Ubisoft Singapour, Blue Byte, Ubisoft Chengdu	Multi (choix)	"E3 2017: Ubisoft Announces Skull and Bones, Features Female Pirates"	JStation X	http://jstationx.com/2017/06/13/e3-2017-ubisoft-skull-and-bones-female-pirates/	https://skullandbones.ubisoft.com/game/en-us/news/detail.aspx?news=327054&title=everythingyouneedtoknowaboutskull&bonesaftere32018	https://www.youtube.com/watch?v=hjC8_av7hhU	action / aventure	yes	2019
0 (nouveau support)	Skyrim	Switch Edition											
0 (nouveau support)	Skyrim PSVR	PS4											
1	Songbringer †	PS4, Xbox One, PC	Wizard Fu Games	Wizard Fu Games	M	Le joueur incarne un héros dénommé Roq.	Indiemag	https://www.indiemag.fr/jeux/songbringer	https://www.youtube.com/watch?v=zSubNj87DhU	http://xbox-world.fr/test-songbringer-xbox/	Aventure / action / rpg	yes	01/09/2017
1	Sonic Forces	PS4, Switch, Xbox One, PC	Sega	Sonic Team	Multi (choix + personnalisation)	Personnage non-humain.	Nintendo	https://www.nintendo.fr/Jeux/Nintendo-Switch/Sonic-Forces--1237463.html	https://www.youtube.com/watch?v=s3ykUqdxnT0	http://www.jeuxvideo.com/jeux/nintendo-nx/jeu-517587/#details	courses / plateformes	no	07/11/2017
1	Sonic Mania	PS4, Switch, Xbox One, PC	Sega	Tantalus Media	N/a	Personnage non-humain, "hérisson", non-genré.	Jeuxvideo.com	http://www.jeuxvideo.com/test/700604/sonic-mania-le-herisson-retrouve-son-lustre-d-antan.htm	https://www.youtube.com/watch?v=3XLzvaKR-i8	https://www.lemonde.fr/pixels/article/2017/08/18/on-a-teste-sonic-mania-etonnant-retour-aux-sources-pour-la-mascotte-de-sega_5173679_4408996.html	plateformes	yes	29/08/2017
0 (2015)	South Park: The Fractured But Whole	PS4, Xbox One, PC	Ubisoft	Ubisoft San Francisco	Multi (choix + personnalisation)	On peut choisir un personnage masculin ou féminin et le personnaliser.	South Park The Fractured But Whole - Character Creation & Customization (Youtube)	https://www.youtube.com/watch?v=82Y4d3_To1M	https://www.kotaku.com.au/2017/09/how-south-park-the-fractured-but-whole-retcons-gender/	https://www.youtube.com/watch?v=CNA87NHRxmA	RPG / comédie / humour / aventure / monde ouvert / action / monde ouvert / narratif	no	17/10/2017
1	South Park Phone Destroyer	iOS, Android	Ubisoft	RedLynx	Multi (choix + personnalisation)	On peut choisir un personnage masculin ou féminin et le personnaliser.	4wearegamer	http://4wearegamers.com/2017/11/22/test-south-park-phone-destroyer/	https://www.youtube.com/watch?v=HJaFQsBWq-M	https://www.youtube.com/watch?v=LurzzZ5j7Fk	stratégie / action / cartes	yes	09/11/2017
0 (2016)	Spider-Man †	PS4	Sony Interactive Entertainment	Insomniac Games	M (principal)	Le personnage principal est masculin, même si on peut aussi incarner à un moment un personnage féminin.	Gamekult	https://www.gamekult.com/jeux/spider-man-ps4-3050715199/test.html	https://www.eclypsia.com/fr/spider-man/actualites/spider-man-les-ennemis-la-taille-de-la-map-et-les-personnages-jouables-25978	https://www.jeuxvideo-live.com/news/spider-man-passe-ea-laction-pour-le3-2018-89792	action / aventure	no	07/09/2018
1	Splatoon 2 †	Switch	Nintendo	Nintendo EPD	Multi (choix + personnalisation)	On peut choisir un personnage masculin ou féminin et le personnaliser.	Splatoon 2 - Character Creation, Tutorial + Splatfest! (Youtube)	https://www.youtube.com/watch?v=vRPy79y1ZB4	https://www.youtube.com/watch?v=kDZjFK8FYrM	https://splatoon.nintendo.com/fr/	Party-Game / tir / tps / troisième personne	yes	21/07/2017
1	Starlink: Battle for Atlas †	PS4, Xbox One, Nintendo Switch	Ubisoft	Ubisoft Toronto, Virtuos	Multi (choix)	Un personnage masculin est disponible, de même qu'un personnage féminin et des non-humains.	Site officiel d'Ubisoft	https://starlink.ubisoft.com/game/fr-fr/starlink/pilots	https://www.nintendo.fr/Jeux/Nintendo-Switch/Starlink-Battle-for-Atlas-1388917.html	https://venturebeat.com/2018/08/25/starlink-battle-for-atlas-hands-on-preview-on-my-mission-to-save-toys-to-life/	action / aventure	yes	16/10/2018
0 (no info)	Star Child	PS4	Gametrust	Playful Corp.						https://www.jeuxvideo-live.com/jeux-video/star-child/	science-fiction / action / plateformes / puzzle		unknown
0 (2016)	Star Wars Battlefront II †	PS4, Xbox One, PC	Electronic Arts	Dice	Multi (choix)	Plusieurs personnages de différents genres sont jouables.	Comic Book	https://comicbook.com/gaming/2017/10/22/star-wars-battlefront-ii-female-protagonist-iden-versio/	https://www.gamespot.com/articles/hidden-star-wars-battlefront-2-character-customiza/1100-6455268/	http://www.jeuxvideo.com/test/744851/star-wars-battlefront-ii-un-bon-jeu-gache-par-des-micro-transactions.htm	fps / science-fiction / espace	yes	17/11/2018
0 (2016)	State of Decay 2	Xbox One, PC	Microsoft Studios	Undead Labs	Multi (choix + personnalisation)	On peut choisir un personnage masculin ou féminin et le personnaliser.	Polygon	https://www.polygon.com/2018/5/17/17361124/state-of-decay-2-review-xbox-one-pc	https://twitter.com/stateofdecay/status/971828022104899584?lang=fr	https://www.youtube.com/watch?v=PZozWmbCSbQ	tps / action / post-apocalyptique / zombies	yes	22/05/2018
0 (DLC)	Steep: Road to the Olympics	PC, PS4, Xbox One								http://www.jeuxvideo.com/jeux/jeu-670715/			
0 (offsite)	Stifled *	PC											
1	Strange Brigade	Xbox One, PS4, PC	Rebellion Developments	Rebellion Developments	Multi (choix)	" Rompus aux méthodes de lutte contre les entités surnaturelles, ces quatre hommes et femmes au caractère bien trempé interviennent partout où se produisent des phénomènes inexplicables, avec toute latitude pour y mettre un terme."	Gamekult	https://www.gamekult.com/publicite/strange-brigade-le-gameplay-3050808495.html	https://www.express.co.uk/entertainment/gaming/1009605/Strange-Brigade-review-PS4-Xbox-One-Rebellion	https://www.youtube.com/watch?v=GiolfCFEL9A	TPS / tir / action / troisième personne / horreur / zombies / tir 	yes	28/08/2018
1	Sumer †	PC	Studio Wumpus	Studio Wumpus	Multi (choix)	Plusieurs personnages de différents genres sont jouables.	Dual Schockers	https://www.dualshockers.com/sumer-preview-pc-switch/	http://www.sumergame.com/patch	http://www.sumergame.com/	Stratégie / société / historique / plateformes / stratégie / mythologie	yes	15/02/2017
1	Super Hot VR	PSVR	SUPERHOT Team	SUPERHOT Team	Gender-ambiguous	On ne connait pas le genre du personnage, dont on voit uniquement les mains.	SUPERHOT VR - PSVR Accolades Trailer | E3 2017 (Youtube)	https://www.youtube.com/watch?v=U6hTapLQEf0	https://www.youtube.com/watch?v=JXc3Yxz06fE	https://superhotgame.com/vr/	Action / tir / fps / 1re personne	no	05/12/2016
1	Super Lucky's Tail	Xbox One	Microsoft Studios	Playful Corp.	M	Le personnage n'est pas humain mais genré, il doit aider sa soeur.		http://www.jeuxvideo.com/test/744561/super-lucky-s-tale-ruse-comme-un-renard.htm	https://www.gamekult.com/jeux/super-lucky-s-tale-3050876027/test.html	http://www.jeuxvideo.com/jeux/one/jeu-669778/	Plate-Forme / Aventure / action 	no	07/11/2017
1	Surviving Mars	Xbox One	Paradox Interactive	Haemimont Games	Gender-ambiguous	Le joueur choisit un profil de commandant mais n'est pas associé à un genre particulier.	SURVIVING MARS #1 [FR] On démarre une colonie sur mars ! D'abord les robots puis les humains ! (Youtube)	https://www.youtube.com/watch?v=T7eEHKxrJHM	https://www.youtube.com/watch?v=W6frrlp2mMc	https://www.paradoxplaza.com/surviving-mars/SUSM01GSK-MASTER.html	Stratégie / construction / survie / espace / simulation / scoe,ce-fiction / gestion / futur / monde ouvert	no	15/03/2018
1	Sushi Striker: The Way of the Sushido	3DS	Nintendo	Indies 0	Multi (choix)	Le joueur choisit au début du jeu si le personnage principal est un héros ou une héroine.	Nintendo	https://www.nintendo.fr/Jeux/Nintendo-Switch/Sushi-Striker-The-Way-of-Sushido-1347617.html	https://www.youtube.com/watch?v=eAqZwVtCZfk	http://nintendo-difference.com/news43154-sushi-striker--the-way-of-sushido---la-cinematique-douverture.htm	action / cuisine 	yes	08/06/2018
1	Sundered †	PS4, PC	Thunder Lotus Games	Thunder Lotus Games	F	Le joueur incarne Eshe, une voyageuse.	Nintendo	https://www.nintendo.fr/Jeux/Jeux-a-telecharger-sur-Nintendo-Switch/Sundered-Eldritch-Edition-1481160.html	https://www.jvfrance.com/test-sundered-un-rogue-like-metroidvania-convaincant-sur-switch-175083/	http://www.jeuxvideo.com/jeux/jeu-542908/#details	survie / horreur / plateformes / metroidvania / action / aventure / exploration 	yes	28/07/2017
0 (offsite)	Super Comboman *	PC											
1	Super Mario Odyssey †	Switch	Nintendo	Nintendo EPD Tokyo	M	Le joueur incarne Mario.	Nintendo	https://www.nintendo.fr/Jeux/Nintendo-Switch/Super-Mario-Odyssey-1173332.html	http://www.jeuxvideo.com/test/733646/super-mario-odyssey-les-nouvelles-aventures-de-mario-decrochent-la-lune.htm	https://www.youtube.com/watch?v=uGtWuDYRaD8	Plate-Forme / action /aventure	yes	27/10/2017
1	Tacoma	Xbox One, PC	Fullbright	Fullbright	F	Le joueur incarne Amy Ferrier.	Jeuxvideo.com	http://www.jeuxvideo.com/preview/505536/tacoma-l-aventure-spatiale-narrative-des-createurs-de-gone-home-e3-2016.htm	http://www.gameblog.fr/news/52848-tacoma-nos-impressions-en-apesanteur	https://www.gamekult.com/jeux/tacoma-3050483939/test.html	Aventure / histoire / Science-fiction / espace /  1re personne / exploration / ambiance / mystère / futuriste / horreur	no	01/08/2017
1	The Artful Escape	Xbox One	Annapurna Interactive	Beethoven & Dinosaur	M	Le joueur incarne Francis Vendetti, le neveu d'un musicien légendaire en quête d'une épiphanie musicale.	The Artful Escape sur Xbox One - Trailer E3 2017 (Youtube)	https://www.youtube.com/watch?v=9vHs7Dn45vU	http://www.jeuxvideo.com/jeux/jeu-461313/	http://www.jeuxvideo.com/jeux/jeu-461313/#details	aventure / science-fiction / plateformes / narratif	no	unknown
1	The Crew 2	Xbox One, PS4, PC	Ubisoft	Ivory Tower	Multi (choix + personnalisation)	On peut choisir un personnage masculin ou féminin et le personnaliser.	Twinfinite	https://twinfinite.net/2018/06/crew-2-character-customization-guide/	https://www.youtube.com/watch?v=kwyI_0Rtr-g	https://www.youtube.com/watch?v=4Q8HQAJ7cmw	voiture / course / Monde ouvert / action / vol / arcade / simulation / 1re personne / 3e personne / aventure / sport 	yes	29/06/2018
0 (extension)	The Elder Scrolls Online: Morrowind	Ps4, Xbox One, PC											
0 (2015)	The Elder Scrolls Legends	PC, Android, iPhone	Dire Wolf	Bethesda Softworks						http://www.jeuxvideo.com/test/623860/the-elder-scrolls-legends-un-hearthstone-like-correct-qui-manque-d-arguments.htm	stratégie / cartes /  Fantasy / société / nudité / action	yes	09/03/2017
1	The Escapists 2	PS4, Switch, Xbox One, PC	Team17	Mouldy Toof Studios	Multi (personnalisation)	Le joueur incarne un prisonnier, dont on ne définit pas le genre spécifiquement mais que l'on peut nous même "genrer" en lui choisissant une coupe de cheveux qui l'est par exemple.	The Escapists 2 Create-a-Con Trailer (Youtube)	https://www.youtube.com/watch?v=NmzpDbwfcDM	https://steamcommunity.com/app/641990/discussions/0/1693788384146387002/	https://www.team17.com/games/the-escapists-2/	gestion / simulation / stratégie	yes	22/08/2017
1	The Evil Within 2	PS4, Xbox One, PC	Bethesda Softworks	Tango Gameworks	M	Le joueur incarne Sebastian Castellanos.	jeuxvideo.com	http://www.jeuxvideo.com/jeux/jeu-670020/#details	https://www.gamekult.com/jeux/the-evil-within-2-3050876011.html	https://theevilwithin2.bethesda.net/en	action / aventure / survie / horreur	no	13/10/2017
1	The Inpatient	PS4	Sony Interactive Entertainment	Supermassive Games	Multi (choix)	Le joueur peut sélectionner le genre du personnage qu'il incarne.	Gaming Bolt	https://gamingbolt.com/the-inpatient-wiki	https://www.glaciergaming.com/articles/1865/the-inpatient	https://www.well-played.com.au/hands-on-with-the-inpatient/	action / survie / horreur	no	23/01/2018
1	The King's Bird	TBA	Graffity Games	Serenity Forge	F	Le joueur incarne une héroine.	jeuxvideo.com	http://www.jeuxvideo.com/test/921413/the-king-s-bird-un-plateformer-qui-donne-des-ailes.htm	https://www.jeuxactu.com/test-the-king-s-bird-ce-jeu-de-plateformes-merite-t-il-qu-on-le-couron-117156.htm	https://www.youtube.com/watch?v=tK0Tl8p6jt8	action / plateformes / narratif	no	23/08/2018
1	The Last Night	PC, Xbox One	Raw Fury	Odd Tales	M	Le joueur incarne Charlie, "un citoyen de seconde classe"	Odd Tales	http://oddtales.net/	https://store.steampowered.com/app/612400/The_Last_Night/	https://www.pcgamer.com/cyberpunk-sidescroller-the-last-night-runs-into-massive-legal-and-funding-issues/	Cyberpunk / aventure / action / science-fiction / narratif / violence 	no	unknown
0 (DLC)	The Legend of Zelda: Breath of the Wild DLC	Switch											
1	The Swords of Ditto †	PS4, PC	Devolver digital	Onebitbeyond	Multi (random)	Le joueur incarne plusieurs personnages différents, de genres différents, au long du jeu.	The Swords of Ditto	http://theswordsofditto.com/	https://www.neoseeker.com/the-swords-of-ditto/Can_you_create_your_own_custom_character	https://www.youtube.com/watch?v=1e0ivf4Afd4	Aventure / rpg / action / Rogue-like 	yes	24/04/2018
0 (2016)	Titanfall 2	PC, PS4, Xbox One	Electronic Arts	Respawn Entertainment	Multi (choix + personnalisation)	Il est possible de sélectionner des personnages de chaque genre.	TITANFALL 2 HOW TO GET FEMALE MALE PILOTS (Youtube)	https://www.youtube.com/watch?v=vJuSixxmdho	https://www.youtube.com/watch?v=1UwzKE_23DU	http://www.jeuxvideo.com/test/550137/titanfall-2-l-outsider-du-fps-qui-devint-un-tenor.htm	Science-Fiction / Robots / fps	yes	28/10/2016
1	Total War: Arena	PC	Wargaming Alliance	Creative Assembly	Multi (choix)	Plusieurs personnages de différents genres sont jouables.	Total War Arena	https://totalwararena.com/fr/commanders1/	https://guides.gamepressure.com/total_war_arena/guide.asp?ID=43615	https://twitter.com/totalwararena/status/647450940853878784	tactique / gestion / stratégie	yes	22/02/2018
1	Total War: Warhammer II	PC	Sega	Creative Assembly	N/a	Il s'agit d'un jeu de stratégie où l'on incarne pas un personnage en particulier.	jeuxvideo.com	http://www.jeuxvideo.com/jeux/pc/jeu-414138/	 https://www.youtube.com/watch?v=IOABCAf4Ts0	http://www.jeuxvideo.com/test/717004/total-war-warhammer-2-vers-un-nouveau-monde-de-possibilites.htm	action / statégie / fantasy / action / guerre / tactique / histoire / narratif / adultes / gestion	yes	28/09/2017
0 (offsite)	Tornado Tower *	VR											
0 (offsite)	Tower 57 *	PC	11 bit studios	Pixwerk	Multi (choix)	Les personnages sont disponible en genre féminin et masculin.	Tower 57	http://tower57game.com/#media	https://tower57.gamepedia.com/Characters	https://www.kickstarter.com/projects/514621648/tower-57?lang=fr	action / tir / vue de dessus / rétro	yes	16/11/2017
1	Transference	PS4, Xbox One, PC		Ubisoft, SpectreVision, Ubisoft Montréal	Gender-ambiguous	"In order to make Transference a unique experience, Raymond and his family are all non-playable characters. Instead, gamers will essentially play as themselves."	Syfy	https://www.syfy.com/syfywire/fantastic-fest-ubisoft-and-spectrevision-give-an-in-depth-look-at-their-vr-collaboration	https://www.ubisoft.com/en-us/game/transference/	https://www.realite-virtuelle.com/transference-vr-test	action / aventure /  Escape Room / Horreur	no	13/09/2018
1	Tropico 6	PC, PS4, Xbox One	Kalypso Media	Kalypso Media	Multi (choix + personnalisation)	Le dictateur était à la base un homme, mais on peut désormais aussi incarner une femme.	Jeuxactu	https://www.jeuxactu.com/tropico-6-on-y-a-joue-un-episode-prometteur-nos-impressions-115755.htm	http://www.nrj-games.fr/chroniques/tropico-6-gestion-ville-exotique-preview	http://www.jeuxvideo.com/jeux/jeu-665448/#details	gestion / stratégie	yes	26/03/2019
1	Tunic	PC, Xbox One	Finji	Andrew Shouldice	N/a	"TUNIC is an action adventure about a tiny fox in a big world. Explore the wilderness, discover spooky ruins, and fight terrible creatures from long ago."	Steam	https://store.steampowered.com/app/553420/TUNIC/	https://www.jeuxactu.com/tunic-tout-ce-qu-il-faut-savoir-sur-le-jeu-114208.htm	https://gamergen.com/actualites/tunic-zelda-like-adorable-renard-montre-longue-video-gameplay-296563-1	action / aventure / Mignon / Isométrique / Mystère / Familial / Violence /Guerre	no	2019
1	Uncharted: The Lost Legacy	PS4	Sony Interactive Entertainment	Naughty Dog	F	Ce standalone met en scène deux héroines.	Gamekult	https://www.gamekult.com/jeux/uncharted-the-lost-legacy-3050817587/test.html	https://www.youtube.com/watch?v=_SITCd62XfQ	http://www.gameblog.fr/tests/2813-uncharted-the-lost-legacy-ps4	action / aventure / tps	no	22/08/2017 (US)
0 (nouveau support)	Undertale	PS4, Vita, PC	Toby Fox	Toby Fox	Gender-ambiguous	On incarne un enfant non-genré.	Jeuxvideo.com	http://www.jeuxvideo.com/test/450900/undertale-une-des-claques-de-la-sphere-independante.htm	https://www.youtube.com/watch?v=ajpO2ORY0AY	https://store.steampowered.com/app/391540/Undertale/?l=french	narratif / humour / rpg / horreur 	no	15/09/2015
1	Unruly Heroes	Xbox One	Magic Design Studios	Magic Design Studios	n/A	Personnages non-humains et peu genrés.	Unruly heroes	https://www.unrulyheroes.com/store	https://www.youtube.com/watch?v=JS_ru-X0PdQ	https://screenrant.com/unruly-heroes-review/	plateformes / Aventure / action / casse-tête 	yes	23/01/2019
1	Vampyr	PS4, Xbox One, PC	Focus Home Interactive	Dontnod Entertainment	M	"Vous êtes Jonathan Reid, l'un des plus grands chirurgiens de votre époque, de retour en Angleterre après des années à servir dans les tranchées françaises. "	Gamekult	https://www.gamekult.com/jeux/vampyr-3050394023/test.html	http://www.jeuxvideo.com/jeux/jeu-423727/#details	https://www.jeuxactu.com/vampyr-une-video-bien-sombre-qui-raconte-l-histoire-du-jeu-113360.htm	action / narratif / rpg / histoire	no	05/06/2018
1	Vindicta	PC	Game Cooks	Game Cooks	Gender-ambiguous	FPS, sans information sur le personnage en particulier.	Vindicta Games	https://www.vindictagame.com/	https://www.youtube.com/watch?v=GHODYnLfC68	https://www.youtube.com/watch?v=dBx9YVet8t0	fps / action	yes	20/06/2017
0 (no info)	Walking Dead VR	PS4, PC											
1	Wargroove	PC, PS4, Xbox One, Switch	Chucklefish	Chucklefish	Multi (choix)	Dans chaque faction, des commandants masculins et féminins sont disponibles.	Wargroove wiki	https://wargroovewiki.com/Commanders	http://royalnintendoswitch.over-blog.com/2018/06/wargroove-presente-ses-trois-derniers-commandants.html	https://store.steampowered.com/app/607050/Wargroove/	tactique / tour par tour / stratégie / stratégie / fantasy	yes	01/02/2019
0 (offsite)	Where the Water Tastes Like Wine *	PS4, Xbox One, PC											
0 (remake)	Wild Guns Reloaded	PC	Natsume Atari	Natsume			Jeuxvideo.com	http://www.jeuxvideo.com/jeux/switch/jeu-783743/				yes	13/12/2016 (Japon)
1	Wolfenstein II: The New Colossus	PS4, Xbox One, PC	Bethesda Softworks	MachineGames	M	Le joueur incarne un résistant.	Steam	https://store.steampowered.com/app/612880/Wolfenstein_II_The_New_Colossus/	https://www.jeuxactu.com/test-wolfenstein-2-the-new-colossus-achtung-ca-va-saigner-111397.htm	https://www.numerama.com/pop-culture/300793-test-de-wolfenstein-ii-the-new-colossus-oui-on-aime-toujours-tuer-des-nazis.html	Action / fps / violence / gore / tir / 1re personne / histoire / science-fiction / aventure / histoire / monde ouvert	no	27/10/2017
1	WRC 7	PC, PS4, Xbox One	Bigben Interactive	Kylotonn Games	Gender-ambiguous	Le joueur ne choisit pas le genre de son personnage/	Game Guide	https://game-guide.fr/221116-wrc-7-des-courses-de-rallye-exigeantes/	https://lemagjeuxhightech.com/actualites/test-de-wrc-7-panne-seche-de-nouveautes/15598/	https://www.wrcthegame.com/fr	course / sport / automobile / simulation	yes	15/09/2017
0 (offsite)	Wuppo *	PS4, Xbox One, PC											
0 (extension)	Xcom 2: War of the Chosen	PC, PS4, Xbox One											
1	Xenoblade Chronicle 2	Switch	Nintendo	Monolith Soft	M	Le joueur incarne Rex.	Nintendo	https://www.nintendo.fr/Jeux/Nintendo-Switch/Xenoblade-Chronicles-2-1233955.html	https://www.warlegend.net/test-xenoblade-chronicles-2-review/	http://www.jeuxvideo.com/jeux/switch/jeu-593690/#details	RPG	no	01/12/2017
1	Yakuza 6	PS4	Sega	Ryū ga Gotoku Studio	M	Le joueur incarne Kazuma Kiryu.	Jeuxvideo.com	http://www.jeuxvideo.com/jeux/ps4/jeu-442756/#details	http://lesplayersdudimanche.com/yakuza-6/yakuza-6-the-song-of-life-avis-test/	https://www.youtube.com/watch?v=MB0ZddBIpBM	action / aventure	yes	08/12/2016
1	YIIK: A Postmodern RPG	PS4, PS Vita, PC, Wii U	Ysbryd Games	Ackk Studios	M	Le joueur incarne Alex.	Light in gamer	https://lightningamer.com/test-yiik-a-postmodern-rpg-ps4/	https://www.millenium.org/news/322125.html	http://www.nintendo-difference.com/news47322-yiik--a-postmodern-rpg-disponible-le-17-janvier-prochain-sur-nintendo-switch-playstation-4-et-steam.htm	RPG / surréaliste / combat	no	17/01/2019
1	Ys VIII: Lacrimosa of Dana	PS4, Vita, PC	Nihon Falcom	Nihon Falcom	M	Incarnez à nouveau Adol, le personnage mythique de la saga, qui partagera la tête d'affiche avec Dana, une jeune femme qui lui apparaît en rêve. Lorsque Adol s'endort le joueur suit l'histoire de Dana.	Ys VIII	https://ysviii.com/fr/chara.html	http://www.jeuxvideo.com/jeux/ps4/jeu-453265/	https://www.youtube.com/watch?v=6EjGE3FUo5I	RPG / aventure / action /rpg / narratif / Hack 'n' slash	yes	21/07/2016
0 (offsite)	Yoku's Island Express*	PS4, Switch, Xbox One, PC											
1	Ylands	PC	Bohemia Interactive	Bohemia Interactive	Multi (choix + personnalisation)	Il est possible de sélectionner des personnages de chaque genre et de les personnaliser.	Jeuxvideo.com	http://www.jeuxvideo.com/news/762745/ylands-le-sandbox-de-bohemia-est-maintenant-disponible.htm	https://www.youtube.com/watch?v=0e4PBjVeMG8	https://ylands.gamepedia.com/The_Player	survie / monde ouvert / aventure / construction / 3e personne / action / exploration / 1ère personne	yes	06/12/2017
1	Yoshi Switch	Switch	Nintendo	Good-Feel	n/a	On incarne Yoshi, personne non-humain et peu genré.	Nintendo	https://www.nintendo.fr/Jeux/Nintendo-Switch/Yoshi-s-Crafted-World-1233953.html		https://www.youtube.com/watch?v=ShYN2_oszos	plates-formes	yes	29/03/2019
0	Zwei: The Ilvard Insurrection	PC											